verb,pos_mean,neg_mean,n_that_frames
accept,-0.2818,-0.3566,
acknowledge,-0.1749,-0.4051,
add,-0.2138,-0.3565,
address,-0.2192,-0.3539,
admit,-0.3108,-0.4531,
advertise,-0.2048,-0.2954,
advise,-0.3480,-0.3894,
affirm,-0.4009,-0.3673,
aggravate,-0.0750,-0.0639,
agitate,-0.1059,-0.2015,
agonize,-0.1947,-0.2755,
agree,-0.3809,-0.4352,
alarm,-0.0555,-0.0373,
alert,-0.2593,-0.4820,
allege,-0.2735,-0.1387,
amaze,-0.0511,-0.0691,
amuse,-0.0800,-0.1786,
anger,-0.0597,-0.0447,
anguish,-0.0754,-0.1073,
announce,-0.2331,-0.4065,
annoy,-0.0589,-0.1641,
answer,-0.3698,-0.4318,
anticipate,-0.3289,-0.4393,
apologize,-0.0465,-0.0465,
appall,-0.0720,-0.0656,
appreciate,-0.0906,-0.0853,
approve,-0.2233,-0.3951,
argue,-0.2118,-0.4530,
arouse,-0.1326,-0.3376,
articulate,-0.1752,-0.4351,
ascertain,-0.4714,-0.2986,
assert,-0.3370,-0.3811,
assess,-0.3672,-0.3334,
assume,-0.1332,-0.2492,
assure,-0.5221,-0.2576,
astonish,-0.0574,-0.0367,
astound,-0.0403,-0.0520,
attest,-0.3836,-0.4234,
authorize,-0.3324,-0.3616,
babble,-0.2242,-0.4472,
baffle,-0.0613,-0.0399,
bark,-0.2043,-0.4851,
beam,-0.3185,-0.4086,
befuddle,-0.3102,-0.3265,
believe,-0.4493,-0.2484,
bellow,-0.4782,-0.2735,
bet,-0.2061,-0.3438,
bicker,-0.3401,-0.2276,
bitch,-0.2151,-0.4371,
blame,-0.1616,-0.2433,
bless,-0.1250,-0.2644,
blog,-0.2656,-0.3542,
boast,-0.2356,-0.3070,
boggle,-0.0980,-0.2657,
bother,-0.0907,-0.1772,
brag,-0.3512,-0.4764,
broadcast,-0.1503,-0.2605,
bug,-0.1198,-0.2558,
cackle,-0.2963,-0.2796,
calculate,-0.3687,-0.3246,
care,-0.4107,-0.3259,
categorize,-0.4110,-0.3846,
celebrate,-0.2208,-0.4032,
certify,-0.3127,-0.5389,
challenge,-0.2314,-0.3498,
chant,-0.3233,-0.4687,
charge,-0.3047,-0.1323,
charm,-0.2112,-0.3173,
chastise,-0.2112,-0.2222,
chatter,-0.2640,-0.3770,
check,-0.4025,-0.1877,
cheer,-0.1502,-0.2791,
chronicle,-0.4581,-0.3629,
circulate,-0.3898,-0.4646,
claim,-0.3040,-0.1494,
clarify,-0.2717,-0.3477,
come_out,-0.4414,-0.3821,
comfort,-0.1427,-0.1754,
comment,-0.2813,-0.2146,
communicate,-0.3933,-0.5702,
complain,-0.1654,-0.3106,
comprehend,-0.1822,-0.3122,
compute,-0.3899,-0.3172,
conceal,-0.1029,-0.2406,
concede,-0.3071,-0.4313,
conceive,-0.3102,-0.3107,
concern,-0.1772,-0.2425,
conclude,-0.4211,-0.4333,
confess,-0.3148,-0.4748,
confide,-0.3245,-0.4903,
confirm,-0.4310,-0.5177,
congratulate,-0.1907,-0.3965,
conjecture,-0.2601,-0.2909,
consent,-0.2282,-0.4154,
console,-0.2593,-0.2784,
consult,-0.3281,-0.3620,
contact,-0.1979,-0.5140,
contemplate,-0.3273,-0.1397,
contend,-0.2452,-0.2198,
content,-0.0799,-0.0835,
contest,-0.1348,-0.2850,
convey,-0.3097,-0.6690,
convince,-0.3654,-0.1769,
corroborate,-0.2776,-0.2187,
cringe,-0.1468,-0.2862,
crush,-0.2249,-0.2590,
cry,-0.1384,-0.3674,
curse,-0.3497,-0.1900,
daydream,-0.3958,-0.2564,
daze,-0.1047,-0.3578,
debate,-0.2553,-0.3347,
deceive,-0.5725,-0.3365,
decide,-0.3210,-0.1997,
declare,-0.3641,-0.1509,
decree,-0.4381,-0.4182,
deduce,-0.4733,-0.4688,
delight,-0.0456,-0.0550,
delude,-0.6232,-0.6371,
demand,-0.4059,-0.1801,
demonstrate,-0.4503,-0.7858,
demoralize,-0.0476,-0.0484,
denounce,-0.3952,-0.4478,
deny,-0.5524,-0.4322,
depict,-0.3383,-0.3595,
deplore,-0.3641,-0.2575,
depress,-0.1225,-0.2845,
derive,-0.3988,-0.2999,
describe,-0.4474,-0.4373,
desire,-0.6725,-0.3836,
despair,-0.4126,-0.3462,
despise,-0.0697,-0.0367,
detail,-0.2208,-0.3288,
detect,-0.3331,-0.3833,
determine,-0.4515,-0.7140,
detest,-0.0993,-0.2677,
devastate,-0.0371,-0.0541,
diagnose,-0.3932,-0.4326,
dictate,-0.3372,-0.2583,
disagree,-0.1994,-0.2983,
disappoint,-0.0942,-0.2061,
disapprove,-0.1920,-0.3497,
disbelieve,-0.2290,-0.1299,
disclose,-0.1203,-0.1020,
discover,-0.3079,-0.4497,
discuss,-0.3084,-0.3795,
disgrace,-0.0972,-0.2797,
disgruntle,-0.1236,-0.2049,
disgust,-0.2936,-0.2099,
dishearten,-0.0957,-0.1063,
disillusion,-0.3466,-0.6299,
dislike,-0.0692,-0.1472,
dismay,-0.0940,-0.2143,
dismiss,-0.2081,-0.3662,
dispel,-0.8329,-0.3493,
display,-0.2685,-0.3650,
dispute,-0.3427,-0.4195,
disregard,-0.6023,-0.3462,
dissatisfy,-0.0789,-0.0279,
distress,-0.2360,-0.0908,
disturb,-0.0217,-0.0805,
divulge,-0.3411,-0.3516,
document,-0.1461,-0.2848,
doubt,-0.2372,-0.1862,
dread,-0.5961,-0.2996,
dream,-0.3482,-0.2317,
dupe,-0.7462,-0.5279,
educate,-0.1436,-0.3144,
elaborate,-0.3273,-0.2912,
elate,-0.1025,-0.1325,
elect,-0.3217,-0.3644,
email,-0.3048,-0.3591,
embarrass,-0.0505,-0.0623,
embellish,-0.9355,-0.4636,
embitter,-0.2050,-0.1902,
emphasize,-0.2586,-0.4021,
encourage,-0.2618,-0.3786,
endorse,-0.3566,-0.2813,
enjoy,-0.0699,-0.1492,
enrage,-0.0659,-0.1995,
ensure,-0.6408,-0.7847,
enthrall,-0.1045,-0.2492,
enthuse,-0.3686,-0.1653,
envision,-0.5918,-0.1511,
envy,-0.1299,-0.2625,
establish,-0.2521,-0.2977,
estimate,-0.3492,-0.4292,
evaluate,-0.4410,-0.2229,
exasperate,-0.2228,-0.4111,
excite,-0.0575,-0.0471,
exclaim,-0.4749,-0.3632,
exhibit,-0.3154,-0.3363,
exhilarate,-0.1109,-0.1597,
expect,-0.2774,-0.3940,
explain,-0.1325,-0.3517,
expose,-0.2257,-0.4205,
express,-0.4529,-0.4588,
fabricate,-0.3824,-1.1354,
fake,-0.5785,-0.8062,
fantasize,-0.5290,-0.3386,
fascinate,-0.1036,-0.1877,
fax,-0.3380,-0.4026,
fear,-0.3373,-0.3014,
feel,-0.2033,-0.3240,
feign,-0.4960,-0.4020,
fess_up,-0.2216,-0.0936,
figure,-0.3842,-0.3459,
figure_out,-0.1772,-0.3777,
find,-0.2796,-0.5203,
find_out,-0.2521,-0.4052,
flatter,-0.0456,-0.0550,
flaunt,-0.2026,-0.3909,
flip_out,-0.0646,-0.1226,
floor,-0.0421,-0.0505,
fluster,-0.0936,-0.1384,
fool,-0.3482,-0.7335,
forecast,-0.1287,-0.4772,
foresee,-0.2237,-0.2209,
foretell,-0.2477,-0.4450,
forget,-0.0619,-0.0702,
forgive,-0.1340,-0.2312,
freak_out,-0.0985,-0.2171,
fret,-0.2507,-0.3332,
frighten,-0.3402,-0.2317,
frustrate,-0.1098,-0.2430,
fuss,-0.1423,-0.2900,
gab,-0.2959,-0.3465,
gall,-0.2351,-0.3219,
gasp,-0.1869,-0.4451,
gather,-0.3799,-0.4359,
gauge,-0.3861,-0.3961,
generalize,-0.3566,-0.2276,
giggle,-0.3716,-0.7324,
gladden,-0.0828,-0.1067,
gloat,-0.1506,-0.5440,
gossip,-0.2480,-0.5944,
gratify,-0.1383,-0.1553,
grieve,-0.1786,-0.2042,
grimace,-0.2056,-0.2597,
grin,-0.2614,-0.4028,
groan,-0.1747,-0.3977,
growl,-0.3069,-0.4117,
grumble,-0.1590,-0.3120,
grunt,-0.1978,-0.2779,
guarantee,-0.3818,-0.4050,
guess,-0.1566,-0.3414,
gush,-0.2528,-0.3698,
hallucinate,-1.1167,-0.7944,
hate,-0.0283,-0.0655,
hear,-0.3887,-0.2699,
hearten,-0.3090,-0.3609,
hint,-0.2585,-0.2868,
holler,-0.2470,-0.4572,
hoot,-0.4078,-0.3052,
hope,-0.1810,-0.1397,
horrify,-0.0551,-0.0416,
howl,-0.2467,-0.3923,
humble,-0.1337,-0.1809,
hurt,-0.1750,-0.2330,
hush_up,-0.1974,-0.2743,
identify,-0.3093,-0.4737,
ignore,-0.2535,-0.2986,
imagine,-0.4936,-0.5079,
implore,-0.1934,-0.1319,
imply,-0.2827,-0.1342,
impress,-0.0800,-0.1167,
incense,-0.3298,-0.3287,
indicate,-0.3719,-0.2567,
indict,-0.3424,-0.3679,
infer,-0.3568,-0.3029,
inform,-0.0954,-0.3381,
infuriate,-0.1066,-0.1220,
insinuate,-0.2569,-0.2383,
insist,-0.3253,-0.1445,
instruct,-0.4236,-0.3313,
insult,-0.0537,-0.0414,
intercept,-0.5460,-0.3768,
interest,-0.2119,-0.3001,
intimidate,-0.2996,-0.0923,
intrigue,-0.2915,-0.1149,
investigate,-0.4128,-0.3088,
invigorate,-0.1601,-0.2541,
irk,-0.0737,-0.0258,
irritate,-0.1104,-0.2130,
jade,-0.4283,-0.1250,
jar,-0.1327,-0.3073,
jest,-0.6026,-0.3637,
joke,-0.6061,-0.2994,
judge,-0.2610,-0.5713,
know,-0.1263,-0.2965,
leak,-0.2251,-0.3599,
learn,-0.3116,-0.3160,
lecture,-0.3595,-0.3086,
lie,-0.4640,-0.5872,
like,-0.0463,-0.0500,
listen,-0.3389,-0.4009,
loathe,-0.1614,-0.4115,
log,-0.2760,-0.2825,
love,-0.0551,-0.0382,
madden,-0.0617,-0.1738,
maintain,-0.3704,-0.2554,
manufacture,-0.4718,-0.2680,
mark,-0.4537,-0.3309,
marvel,-0.0534,-0.0417,
measure,-0.2820,-0.2434,
mention,-0.1542,-0.3370,
miff,-0.1930,-0.1252,
misinform,-0.4318,-0.4227,
mislead,-0.6126,-0.6401,
miss,-0.4167,-0.3192,
moan,-0.3120,-0.4309,
mortify,-0.0588,-0.0716,
mourn,-0.1246,-0.3207,
move,-0.0538,-0.0767,
mumble,-0.3176,-0.3325,
murmur,-0.4130,-0.4351,
muse,-0.3515,-0.3371,
mutter,-0.3112,-0.4506,
mystify,-0.1308,-0.2225,
narrate,-0.2072,-0.2916,
negotiate,-0.2831,-0.2477,
nonplus,-0.3139,-0.3392,
note,-0.2969,-0.4332,
notice,-0.0781,-0.2504,
notify,-0.1003,-0.3455,
observe,-0.2793,-0.3615,
obsess,-0.2092,-0.3362,
offend,-0.1252,-0.1744,
okay,-0.3353,-0.4465,
omit,-0.4094,-0.2855,
ordain,-0.3568,-0.3818,
outrage,-0.0455,-0.0485,
overhear,-0.4041,-0.2190,
overlook,-0.1704,-0.2791,
overwhelm,-0.0720,-0.1463,
pain,-0.3184,-0.2165,
panic,-0.3721,-0.2547,
perceive,-0.4201,-0.2159,
perplex,-0.1021,-0.3138,
persuade,-0.3840,-0.3359,
pester,-0.4600,-0.3836,
petrify,-0.2046,-0.0867,
phone,-0.2744,-0.3327,
picture,-0.2033,-0.2679,
piece_together,-0.2544,-0.3961,
pinpoint,-0.2645,-0.3209,
pity,-0.2463,-0.1628,
please,-0.0453,-0.0453,
point_out,-0.1231,-0.3522,
ponder,-0.2835,-0.1103,
posit,-0.1267,-0.1570,
post,-0.3849,-0.4335,
pout,-0.1417,-0.0977,
praise,-0.2135,-0.4239,
pray,-0.1794,-0.1684,
preach,-0.4987,-0.2865,
predict,-0.5575,-0.3198,
prejudge,-0.2790,-0.1830,
presume,-0.2363,-0.2918,
presuppose,-0.2291,-0.1864,
pretend,-0.2157,-0.3101,
proclaim,-0.3799,-0.3686,
promise,-0.3731,-0.2740,
prophesy,-0.3670,-0.2816,
propose,-0.2537,-0.1494,
prove,-0.4162,-0.6766,
publicize,-0.4132,-0.2998,
publish,-0.3554,-0.1948,
puzzle,-0.1582,-0.2397,
quarrel,-0.4948,-0.2325,
question,-0.2286,-0.3538,
quip,-0.2988,-0.1866,
quote,-0.3473,-0.2652,
radio,-0.2539,-0.2571,
rant,-0.1808,-0.3196,
rationalize,-0.3578,-0.5352,
rave,-0.2581,-0.3242,
read,-0.3224,-0.2597,
reaffirm,-0.3740,-0.5557,
realize,-0.0509,-0.0397,
reason,-0.3482,-0.1256,
reason_out,-0.4708,-0.2464,
reassert,-0.4287,-0.4595,
reassure,-0.4450,-0.2865,
recall,-0.4412,-0.3633,
recap,-0.2526,-0.3510,
reckon,-0.3132,-0.2972,
recognize,-0.0817,-0.1414,
recollect,-0.2027,-0.4082,
reconsider,-0.1505,-0.2421,
record,-0.2729,-0.4178,
rediscover,-0.3592,-0.4163,
regret,-0.0871,-0.1511,
reiterate,-0.2139,-0.2923,
reject,-0.5966,-0.3107,
relate,-0.3604,-0.3471,
relieve,-0.1033,-0.2679,
relish,-0.0529,-0.0474,
remark,-0.2853,-0.4168,
remember,-0.2045,-0.4578,
remind,-0.1982,-0.5039,
reminisce,-0.3506,-0.5011,
repeat,-0.2502,-0.4072,
reply,-0.5431,-0.3673,
report,-0.4763,-0.2499,
repress,-0.3506,-0.3196,
request,-0.5528,-0.2922,
require,-0.3066,-0.3446,
research,-0.3884,-0.2604,
resent,-0.0885,-0.1280,
resolve,-0.3043,-0.4241,
respond,-0.4717,-0.3384,
restate,-0.2816,-0.4364,
retort,-0.3042,-0.1595,
retract,-0.9475,-0.3938,
reveal,-0.2207,-0.4427,
revolt,-0.0262,-0.0651,
rouse,-0.2751,-0.2363,
rule,-0.4013,-0.4300,
ruminate,-0.3738,-0.3279,
sadden,-0.0296,-0.0583,
satisfy,-0.2161,-0.3392,
say,-0.3261,-0.2775,
scare,-0.3676,-0.3148,
scoff,-0.4360,-0.3043,
scream,-0.4892,-0.4905,
scribble,-0.2579,-0.1503,
see,-0.3449,-0.4821,
select,-0.1344,-0.1869,
shame,-0.0680,-0.0435,
share,-0.1678,-0.2835,
shock,-0.0967,-0.1912,
shout,-0.1617,-0.3012,
show,-0.3635,-0.5229,
showcase,-0.3747,-0.6473,
shriek,-0.2128,-0.4103,
sicken,-0.0865,-0.0960,
sigh,-0.2664,-0.3328,
signal,-0.3698,-0.4384,
signify,-0.3469,-0.2876,
simulate,-0.2303,-0.3713,
sing,-0.3998,-0.3822,
sketch,-0.3454,-0.2845,
snap,-0.2611,-0.3157,
snitch,-0.3303,-0.4363,
sob,-0.2147,-0.3729,
specify,-0.2302,-0.2078,
spellbind,-0.1686,-0.2133,
spook,-0.0902,-0.2040,
spot,-0.0665,-0.2041,
spout,-0.1844,-0.2813,
squeal,-0.1687,-0.5890,
stammer,-0.2770,-0.2744,
startle,-0.0662,-0.0765,
state,-0.2399,-0.3565,
stimulate,-0.1387,-0.1100,
stipulate,-0.3921,-0.4609,
stress,-0.2970,-0.2331,
stun,-0.0530,-0.0419,
stupefy,-0.1665,-0.3407,
stutter,-0.2917,-0.3653,
submit,-0.2189,-0.2124,
suggest,-0.1576,-0.2301,
summarize,-0.4616,-0.3407,
suppose,-0.1109,-0.2476,
surmise,-0.3734,-0.3440,
surprise,-0.0613,-0.0431,
suspect,-0.2648,-0.2849,
swear,-0.3641,-0.1380,
tantalize,-0.4027,-0.3864,
tease,-0.6349,-0.3251,
tell,-0.2782,-0.3794,
terrify,-0.1861,-0.2063,
test,-0.2144,-0.1467,
testify,-0.3561,-0.3605,
theorize,-0.2581,-0.2606,
think,-0.1883,-0.2736,
thrill,-0.0521,-0.0414,
torture,-0.1347,-0.1360,
traumatize,-0.0869,-0.0255,
trick,-0.4258,-0.5390,
trouble,-0.0514,-0.1307,
trust,-0.1943,-0.3152,
tweet,-0.3897,-0.3879,
type,-0.3416,-0.2389,
uncover,-0.3361,-0.6195,
underestimate,-0.2404,-0.2975,
underline,-0.3722,-0.2864,
underscore,-0.3914,-0.2006,
understand,-0.0934,-0.2852,
unnerve,-0.0539,-0.2312,
unsettle,-0.1700,-0.4108,
update,-0.1401,-0.2753,
uphold,-0.2330,-0.2821,
upset,-0.0357,-0.0519,
utter,-0.3370,-0.3324,
verify,-0.3317,-0.3942,
vex,-0.1681,-0.2450,
videotape,-0.2284,-0.3180,
visualize,-0.4169,-0.3071,
voice,-0.3637,-0.3203,
volunteer,-0.4215,-0.2763,
vote,-0.3185,-0.2868,
vow,-0.4706,-0.2400,
wager,-0.2530,-0.1983,
warn,-0.1344,-0.1917,
warrant,-0.4348,-0.2554,
weep,-0.1140,-0.3497,
whimper,-0.2911,-0.3986,
whine,-0.0984,-0.1691,
whisper,-0.3195,-0.3239,
will,-0.1521,-0.1521,
wish,-0.5375,-0.2397,
witness,-0.2695,-0.6388,
worry,-0.3151,-0.3386,
wow,-0.1980,-0.3345,
write,-0.3145,-0.3127,
yell,-0.4148,-0.3175,
