verb,sense,ahg_class,ahg_rofi,ahg_factive,ahg_subclass
conclude,1,doxastic,1,0,communicative-sense
conclude,2,communicative,1,0,
think,1,doxastic,0,0,
think,2,communicative,0,0,say-means
acknowledge,1,doxastic,0,1,
acknowledge,2,communicative,1,1,
suggest,1,inferential,1,0,
suggest,2,communicative,1,0,
predict,1,doxastic,1,0,communicative-sense
predict,2,communicative,1,0,
confirm,1,inferential,1,0,
confirm,2,communicative,1,0,
reveal,1,inferential,1,0,
reveal,2,communicative,1,0,
deplore,1,emotive,1,1,preference
deplore,2,communicative,1,0,
observe,1,doxastic,0,1,
observe,2,communicative,1,0,
accept,1,doxastic,1,0,assume
accept,2,emotive,0,1,
agonize,1,emotive,0,1,
agonize,2,communicative,1,0,
agree,1,doxastic,0,0,
agree,2,communicative,1,0,
appreciate,1,doxastic,1,1,assume
appreciate,2,emotive,0,1,
assure,1,inferential,1,0,
assure,2,communicative,1,0,
calculate,1,doxastic,1,0,communicative-sense
calculate,2,communicative,1,0,
certify,1,inferential,1,0,
certify,2,communicative,1,0,
determine,1,doxastic,1,0,communicative-sense
determine,2,communicative,1,0,
disagree,1,doxastic,0,0,
disagree,2,communicative,1,0,
forecast,1,doxastic,1,0,communicative-sense
forecast,2,communicative,1,0,
generalize,1,doxastic,1,0,communicative-sense
generalize,2,communicative,1,0,
guarantee,1,inferential,1,0,
guarantee,2,communicative,1,0,non-say
guess,1,doxastic,0,0,
guess,2,communicative,1,0,
hint,1,inferential,1,0,
hint,2,communicative,1,0,
indicate,1,inferential,1,0,
indicate,2,communicative,1,0,
judge,1,doxastic,1,0,communicative-sense
judge,2,communicative,1,0,
pray,1,doxastic,0,0,
pray,2,communicative,0,0,say-means
rationalize,1,doxastic,1,0,communicative-sense
rationalize,2,communicative,1,0,
reassure,1,inferential,1,0,
reassure,2,communicative,1,0,
signal,1,inferential,1,0,
signal,2,communicative,1,0,
hold,1,doxastic,1,0,communicative-sense
hold,2,communicative,1,0,
deem,1,doxastic,1,0,communicative-sense
deem,2,communicative,1,0,
rejoice,1,emotive,0,1,
rejoice,2,communicative,1,0,
exult,1,emotive,1,1,preference
exult,2,communicative,1,0,
mean,1,inferential,1,0,
mean,2,communicative,1,0,
