predicate,pos,dace,kk1970,ht1973,karttunen,uegaki,grimshaw2015,mega_acc,mega_ver,mega_int,n_sources
abash,v,v,,,,,,,,,1
abhor,v,v,,,,,,v,,v,3
absorb,v,v,,,,,,,,,1
accept,v,v,,,,,,v,v,v,4
acclaim,v,,,,,,,v,v,,2
accredit,v,,,,,,,v,v,,2
acknowledge,v,v,,A,,,,v,v,v,5
add,v,v,,,,,discourse,v,v,v,5
add_in,v,v,,,,,,,,,1
address,v,v,,,,,,v,v,v,4
adjudge,v,v,,,,,,,,,1
admire,v,v,,,,,,v,,v,3
admit,v,v,,A,,,,v,v,v,5
admonish,v,v,,,,,,v,v,v,4
adore,v,v,,,,,,v,,v,3
advertise,v,v,,,,,,v,v,v,4
advise,v,v,,,,,,v,v,v,4
advocate,v,v,,,,,,v,v,v,4
affirm,v,v,,A,,,,v,v,v,5
afford,v,,,,,,,v,v,,2
affront,v,v,,,,,,,,,1
aggravate,v,v,,,,,,v,v,v,4
agitate,v,v,,,,,,v,v,v,4
agonize,v,v,,,,,,v,v,v,4
agree,v,v,,,non-impl,responsive,,v,v,v,6
aim,v,,,,,,,v,v,,2
alarm,v,v,,,,,,v,v,v,4
alert,v,v,,,,,,v,v,v,4
alienate,v,v,,,,,,,,,1
allege,v,v,non-factive,A,,,,v,v,v,6
allow,v,v,,,,,,v,v,,3
amaze,v,v,,,,,,v,v,v,4
amuse,v,v,factive(subj),D,,,,v,v,v,6
analyze,v,,,,,,,v,,v,2
anger,v,v,,,,,,v,v,v,4
anguish,v,v,,,,,,v,v,v,4
animadvert,v,v,,,,,,,,,1
annotate,v,,,,,,,v,,v,2
announce,v,v,,,,,say,v,v,v,5
annoy,v,v,,,,,,v,v,v,4
answer,v,v,,,,,discourse,v,v,v,5
antagonize,v,v,,,,,,,,,1
anticipate,v,v,,,,,,v,v,v,4
apologize,v,v,,,,,,v,v,v,4
appall,v,v,,,,,,v,v,v,4
appeal,v,,,,,,,v,v,v,3
appear,v,v,non-factive(subj),B,,,,v,v,,5
appease,v,v,,,,,,v,v,,3
applaud,v,,,,,,,v,v,v,3
apply,v,,,,,,,v,v,,2
appoint,v,,,,,,,v,v,,2
appraise,v,,,,,,,v,,v,2
appreciate,v,v,,,,,,v,v,v,4
apprise,v,v,,,,,,,,,1
approach,v,,,,,,,v,v,,2
approve,v,v,,,,,,v,v,v,4
argue,v,v,,,,,,v,v,v,4
arouse,v,v,,,,,,v,v,v,4
arrange,v,,,,,,,v,v,v,3
articulate,v,v,,,,,,v,v,v,4
ascertain,v,v,,,,,,v,v,v,4
ask,v,v,,,,rogative,,v,v,,4
assert,v,v,non-factive,A,,anti-rogative,,v,v,v,7
assess,v,v,,,,,,v,v,v,4
asseverate,v,v,,,,,,,,,1
assign,v,,,,,,,v,v,,2
assume,v,v,non-factive,,,anti-rogative,,v,v,v,6
assure,v,v,,,,,,v,v,v,4
astonish,v,v,,,,,,v,v,v,4
astound,v,v,,,,,,v,v,v,4
attempt,v,,,,,,,v,v,,2
attest,v,v,,,,,,v,v,v,4
audit,v,,,,,,,v,v,,2
authorize,v,v,,,,,,v,v,v,4
aver,v,v,,A,,,,,,,2
avoid,v,,,,-impl,,,,,,1
avow,v,v,,A,,,,,,,2
awe,v,v,,,,,,v,v,,3
babble,v,v,,,,,,v,v,v,4
back,v,,,,,,,v,v,v,3
badger,v,,,,,,,v,v,,2
baffle,v,v,,,,,,v,v,v,4
bargain,v,,,,,,,v,v,,2
bark,v,v,,,,,,v,v,v,4
be,v,,,,,,,v,v,,2
be_abashed,a,a,,,,,,,,,1
be_able,a,,,,non-impl,,,,,,1
be_adamant,a,a,,,,,,,,,1
be_afraid,a,a,,,,,,,,,1
be_aggrieved,a,a,,,,,,,,,1
be_aghast,a,a,,,,,,,,,1
be_amazed,a,a,,,,,,,,,1
be_amused,a,a,,,,,,,,,1
be_angry,a,a,,,,,,,,,1
be_anguished,a,a,,,,,,,,,1
be_annoyed,a,a,,,,,,,,,1
be_anxious,a,a,,,,,,,,,1
be_apologetic,a,a,,,,,,,,,1
be_apoplectic,a,a,,,,,,,,,1
be_appalled,a,a,,,,,,,,,1
be_appreciative,a,a,,,,,,,,,1
be_apprehensive,a,a,,,,,,,,,1
be_ashamed,a,a,,,,,,,,,1
be_astonished,a,a,,,,,,,,,1
be_astounded,a,a,,,,,,,,,1
be_aware,a,a,,,,,,,,,1
be_awed,a,a,,,,,,,,,1
be_befuddled,a,a,,,,,,,,,1
be_bemused,a,a,,,,,,,,,1
be_bewildered,a,a,,,,,,,,,1
be_bitter,a,a,,,,,,,,,1
be_certain,a,a,,,,responsive,,,,,2
be_clueless,a,a,,,,,,,,,1
be_cocksure,a,a,,,,,,,,,1
be_cognizant,a,a,,,,,,,,,1
be_conceivable,a,,,C,,,,,,,1
be_concerned,a,a,,,,,,,,,1
be_confident,a,a,,,,,,,,,1
be_conscious,a,a,,,,,,,,,1
be_convinced,a,a,,,,,,,,,1
be_curious,a,,,,,rogative,,,,,1
be_delighted,a,a,,,,,,,,,1
be_delirious,a,a,,,,,,,,,1
be_depressed,a,a,,,,,,,,,1
be_depressing,a,a,,,,,,,,,1
be_despairing,a,a,,,,,,,,,1
be_disappointed,a,a,,,,,,,,,1
be_disgruntled,a,a,,,,,,,,,1
be_disgusted,a,a,,,,,,,,,1
be_dismayed,a,a,,,,,,,,,1
be_displeased,a,a,,,,,,,,,1
be_dissatisfied,a,a,,,,,,,,,1
be_distraught,a,a,,,,,,,,,1
be_doubtful,a,a,,,,,,,,,1
be_dubious,a,a,,,,,,,,,1
be_ecstatic,a,a,,,,,,,,,1
be_elated,a,a,,,,,,,,,1
be_embarrassed,a,a,,,,,,,,,1
be_emphatic,a,a,,,,,,,,,1
be_envious,a,a,,,,,,,,,1
be_euphoric,a,a,,,,,,,,,1
be_excited,a,a,,,,,,,,,1
be_exciting,a,,factive(subj),,,,,,,,1
be_exhilarated,a,a,,,,,,,,,1
be_explicit,a,a,,,,,,,,,1
be_exultant,a,a,,,,,,,,,1
be_false,a,,non-factive(subj),,,,,,,,1
be_fearful,a,a,,,,,,,,,1
be_flabbergasted,a,a,,,,,,,,,1
be_fortunate,a,a,,,,,,,,,1
be_frantic,a,a,,,,,,,,,1
be_fretful,a,a,,,,,,,,,1
be_frightened,a,a,,,,,,,,,1
be_furious,a,a,,,,,,,,,1
be_giddy,a,a,,,,,,,,,1
be_glad,a,a,,D,,,,,,,2
be_gleeful,a,a,,,,,,,,,1
be_grateful,a,a,,,,,,,,,1
be_gratified,a,a,,,,,,,,,1
be_happy,a,a,,,,,,,,,1
be_heartbroken,a,a,,,,,,,,,1
be_heartsick,a,a,,,,,,,,,1
be_hopeful,a,a,,,,,,,,,1
be_horrified,a,a,,,,,,,,,1
be_hurt,a,a,,,,,,,,,1
be_ignorant,a,a,,,,,,,,,1
be_impatient,a,a,,,,,,,,,1
be_incorrect,a,a,,,,,,,,,1
be_incredulous,a,a,,,,,,,,,1
be_indignant,a,a,,,,,,,,,1
be_insistent,a,a,,,,,,,,,1
be_interesting,a,,,D,,,,,,,1
be_irate,a,a,,,,,,,,,1
be_irritated,a,a,,,,,,,,,1
be_jealous,a,a,,,,,,,,,1
be_joyful,a,a,,,,,,,,,1
be_jubilant,a,a,,,,,,,,,1
be_keen,a,a,,,,,,,,,1
be_leery,a,a,,,,,,,,,1
be_likely,a,,non-factive(subj),C,,,,,,,2
be_livid,a,a,,,,,,,,,1
be_lucky,a,a,,,,,,,,,1
be_mad,a,a,,,,,,,,,1
be_maniacal,a,a,,,,,,,,,1
be_mindful,a,a,,,,,,,,,1
be_nervous,a,a,,,,,,,,,1
be_oblivious,a,a,,,,,,,,,1
be_odd,a,,factive(subj),D,,,,,,,2
be_optimistic,a,a,,,,,,,,,1
be_outraged,a,a,,,,,,,,,1
be_overconfident,a,a,,,,,,,,,1
be_overjoyed,a,a,,,,,,,,,1
be_pained,a,a,,,,,,,,,1
be_paranoid,a,a,,,,,,,,,1
be_peeved,a,a,,,,,,,,,1
be_pessimistic,a,a,,,,,,,,,1
be_petrified,a,a,,,,,,,,,1
be_pissed,a,a,,,,,,,,,1
be_pleased,a,a,,,,,,,,,1
be_positive,a,a,,,,,,,,,1
be_possible,a,,non-factive(subj),C,,,,,,,2
be_probable,a,,,C,,,,,,,1
be_proud,a,a,,,,,,,,,1
be_regretful,a,a,,,,,,,,,1
be_relevant,a,,factive(subj),,,,,,,,1
be_relieved,a,a,,,,,,,,,1
be_remorseful,a,a,,,,,,,,,1
be_resentful,a,a,,,,,,,,,1
be_resolute,a,a,,,,,,,,,1
be_sad,a,a,,,,,,,,,1
be_sanguine,a,a,,,,,,,,,1
be_satisfied,a,a,,,,,,,,,1
be_scared,a,a,,,,,,,,,1
be_selfassured,a,a,,,,,,,,,1
be_selfaware,a,a,,,,,,,,,1
be_shocked,a,a,,,,,,,,,1
be_significant,a,,factive(subj),,,,,,,,1
be_skeptical,a,a,,,,,,,,,1
be_sorrowful,a,a,,,,,,,,,1
be_sorry,a,a,,D,,,,,,,2
be_steadfast,a,a,,,,,,,,,1
be_strange,a,,,D,,,,,,,1
be_sure,a,a,non-factive(subj),,,,,,,,2
be_surprised,a,a,,D,,,,,,,2
be_suspicious,a,a,,,,,,,,,1
be_thankful,a,a,,,,,,,,,1
be_thrilled,a,a,,,,,,,,,1
be_tragic,a,,factive(subj),,,,,,,,1
be_true,a,,non-factive(subj),,,,,,,,1
be_unabashed,a,a,,,,,,,,,1
be_unanimous,a,a,,,,,,,,,1
be_unaware,a,a,,,,,,,,,1
be_uncertain,a,a,,,,,,,,,1
be_unconcerned,a,a,,,,,,,,,1
be_unconvinced,a,a,,,,,,,,,1
be_uneasy,a,a,,,,,,,,,1
be_unfazed,a,a,,,,,,,,,1
be_ungrateful,a,a,,,,,,,,,1
be_unhappy,a,a,,,,,,,,,1
be_unimpressed,a,a,,,,,,,,,1
be_uninformed,a,a,,,,,,,,,1
be_unsure,a,a,,,,,,,,,1
be_unsurprised,a,a,,,,,,,,,1
be_upbeat,a,a,,,,,,,,,1
be_upset,a,a,,,,,,,,,1
be_uptight,a,a,,,,,,,,,1
be_vehement,a,a,,,,,,,,,1
be_wary,a,a,,,,,,,,,1
be_wellaware,a,a,,,,,,,,,1
be_wistful,a,a,,,,,,,,,1
be_worried,a,a,,,,,,,,,1
be_wrathful,a,a,,,,,,,,,1
beam,v,v,,,,,,v,v,v,4
bear,v,v,,,,,,v,v,,3
bear_in_mind,v,,factive,,,,,,,,1
bear_out,v,v,,,,,,,,,1
befuddle,v,v,,,,,,v,v,v,4
beg,v,v,,,,,,v,v,,3
begin,v,,,,,,,v,v,,2
believe,v,v,non-factive,B,,anti-rogative,,v,v,v,7
bellow,v,v,,,,,,v,v,v,4
bemoan,v,v,,,,,,,,,1
beseech,v,v,,,,,,,,,1
bet,v,v,,,,,,v,v,v,4
betray,v,v,,,,,,,,,1
bewail,v,v,,,,,,,,,1
bewilder,v,v,,,,,,v,,v,3
bicker,v,v,,,,,,v,v,v,4
bitch,v,v,,,,,,v,v,v,4
blame,v,v,,,,,,v,v,v,4
blare,v,,,,,,,v,,v,2
blast,v,,,,,,,v,v,v,3
bless,v,v,,,,,,v,v,v,4
blog,v,v,,,,,,v,v,v,4
bluff,v,,,,,,,v,v,v,3
blurt,v,v,,,,,,,,,1
blurt_out,v,v,,,,,,,,,1
boast,v,v,,,,,,v,v,v,4
boggle,v,v,,,,,,v,v,v,4
boom,v,v,,,,,,,,,1
bore,v,v,,,,,,v,,v,3
bother,v,v,factive(subj),D,+impl (to-inf),,,v,v,v,7
brag,v,v,,,,,,v,v,v,4
brainstorm,v,,,,,,,v,,v,2
bribe,v,,,,,,,v,v,,2
brief,v,,,,,,,v,v,v,3
bring_home,v,v,,,,,,,,,1
bring_up,v,v,,,,,,,,,1
bristle,v,v,,,,,,,,,1
broadcast,v,v,,,,,,v,v,v,4
brood,v,,,,,,,v,v,v,3
bug,v,v,,,,,,v,v,v,4
bullshit,v,,,,,,,v,v,v,3
bully,v,,,,,,,v,v,,2
burst_out,v,v,,,,,,,,,1
buy,v,,,,,,,v,v,,2
cackle,v,v,,,,,,v,v,v,4
cajole,v,,,,,,,v,v,,2
calculate,v,v,,,,,,v,v,v,4
call,v,v,,,,,,v,v,,3
call_out,v,v,,,,,,,,,1
calm,v,v,,,,,,,,,1
captivate,v,v,,,,,,,,,1
care,v,v,,,,responsive,,v,v,v,5
carol,v,v,,,,,,,,,1
catch,v,v,,,,,,v,,v,3
catch_on,v,v,,,,,,,,,1
categorize,v,v,,,,,,v,v,v,4
cause,v,,,,,,,v,v,,2
caution,v,v,,,,,,v,v,v,4
cease,v,,,,,,,v,v,,2
celebrate,v,v,,,,,,v,v,v,4
certify,v,v,,A,,,,v,v,v,5
chagrin,v,v,,,,,,,,,1
challenge,v,v,,,,,,v,v,v,4
chance,v,,non-factive(subj),,,,,,,,1
chant,v,v,,,,,,v,v,v,4
characterize,v,,,,,,,v,v,,2
charge,v,v,non-factive,A,,,,v,v,v,6
charm,v,v,,,,,,v,v,v,4
chastise,v,v,,,,,,v,v,v,4
chat,v,,,,,,,v,,v,2
chatter,v,v,,,,,,v,v,v,4
check,v,v,,,,,,v,v,v,4
cheer,v,v,,,,,,v,v,v,4
cherish,v,v,,,,,,,,,1
chide,v,v,,,,,,v,,v,3
chill,v,v,,,,,,,,,1
chime_in,v,v,,,,,,,,,1
chirp,v,v,,,,,,v,,v,3
choke_out,v,v,,,,,,,,,1
choose,v,,,,,,,v,v,,2
chortle,v,v,,,,,,,,,1
chronicle,v,v,,,,,,v,v,v,4
chuckle,v,v,,,,,,v,,v,3
circulate,v,v,,,,,,v,v,v,4
cite,v,v,,,,,,,,,1
claim,v,v,non-factive,A,,anti-rogative,,v,v,v,7
clarify,v,v,,,,,,v,v,v,4
classify,v,,,,,,,v,,v,2
clear,v,v,,,,,,v,v,,3
cluck,v,v,,,,,,,,,1
coach,v,,,,,,,v,v,v,3
coax,v,,,,,,,v,v,,2
coerce,v,,,,,,,v,v,,2
come,v,,,,,,,v,v,,2
come_around,v,,,,,,,v,v,,2
come_clean,v,v,,,,,,,,,1
come_out,v,,,,,,,v,v,v,3
comfort,v,v,,,,,,v,v,v,4
command,v,v,,,,,,v,v,v,4
commence,v,,,,,,,v,v,,2
commend,v,,,,,,,v,v,v,3
comment,v,v,,,,,,v,v,v,4
commission,v,,,,,,,v,v,,2
communicate,v,v,,,,,,v,v,v,4
compel,v,,,,,,,v,v,,2
compete,v,,,,,,,v,v,,2
complain,v,v,,,,,,v,v,v,4
comprehend,v,v,factive,,,,,v,v,v,5
compute,v,v,,,,,,v,v,v,4
conceal,v,v,,,,,,v,v,v,4
concede,v,v,,,,,,v,v,v,4
conceive,v,v,,,,,,v,v,v,4
concern,v,v,,,,,,v,v,v,4
conclude,v,v,non-factive,,,,,v,v,v,5
concur,v,v,,,,,,v,v,v,4
condemn,v,,,,,,,v,v,v,3
condescend,v,,,,+impl,,,,,,1
confess,v,v,,,,,,v,v,v,4
confide,v,v,,,,,,v,v,v,4
confirm,v,v,,,,,,v,v,v,4
confound,v,v,,,,,,v,,v,3
confuse,v,v,,,,,,v,,v,3
congratulate,v,v,,,,,,v,v,v,4
conjecture,v,v,non-factive,,,,,v,v,v,5
connect,v,,,,,,,v,,v,2
consent,v,v,,,,,,v,v,v,4
consider,v,v,,,,,,v,v,v,4
console,v,v,,,,,,v,v,v,4
conspire,v,,,,,,,v,v,,2
consult,v,v,,,,,,v,v,v,4
contact,v,v,,,,,,v,v,v,4
contemplate,v,v,,,,,,v,v,v,4
contend,v,v,,A,,,,v,v,v,5
content,v,v,,,,,,v,v,v,4
contest,v,v,,,,,,v,v,v,4
continue,v,v,,,,,discourse,v,v,,4
contract,v,,,,,,,v,v,,2
contribute,v,,,,,,,v,,v,2
contrive,v,,,,,,,v,,v,2
control,v,,,,,,,v,v,,2
convey,v,v,,,,,,v,v,v,4
convince,v,v,,,,,,v,v,v,4
coo,v,v,,,,,,,,,1
correct,v,v,,,,,,v,v,v,4
corroborate,v,v,,,,,,v,v,v,4
cotton_on,v,v,,,,,,,,,1
counsel,v,,,,,,,v,v,v,3
count,v,,factive(subj),,,,,,,,1
counter,v,v,,,,,discourse,v,,v,4
crack,v,,,,,,,v,,v,2
crave,v,,,,,,,v,v,,2
credit,v,v,,,,,,,,,1
cringe,v,v,,,,,,v,v,v,4
criticize,v,v,,,,,,v,,,2
croak,v,,,,,,,v,,v,2
crow,v,v,,,,,,,,,1
crush,v,v,,,,,,v,v,v,4
cry,v,v,,,,,,v,v,v,4
cry_out,v,v,,,,,,,,,1
curse,v,,,,,,,v,v,v,3
dare,v,,,,+impl,,,v,v,v,4
daunt,v,v,,,,,,v,,v,3
daydream,v,v,,,,,,v,v,v,4
daze,v,v,,,,,,v,v,v,4
dazzle,v,v,,,,,,,,,1
debate,v,v,,,,,,v,v,v,4
deceive,v,v,,,,,,v,v,v,4
decide,v,v,,,non-impl,responsive,,v,v,v,6
declaim,v,v,,,,,,,,,1
declare,v,v,,A,,,,v,v,v,5
decline,v,,,,-impl,,,v,v,v,4
decree,v,v,,,,,,v,v,v,4
deduce,v,v,,,,,,v,v,v,4
deem,v,v,non-factive,,,,,v,v,v,5
defend,v,,,,,,,v,,v,2
define,v,,,,,,,v,,v,2
deject,v,v,,,,,,,,,1
deliberate,v,,,,,,,v,v,v,3
delight,v,v,,,,,,v,v,v,4
delineate,v,,,,,,,v,,v,2
delude,v,v,,,,,,v,v,v,4
demand,v,v,,,,,,v,v,v,4
demonstrate,v,v,,,,,,v,v,v,4
demoralize,v,v,,,,,,v,v,v,4
demur,v,v,,,,,,,,,1
demystify,v,,,,,,,v,,v,2
denounce,v,v,,,,,,v,v,v,4
deny,v,v,,C,,anti-rogative,,v,v,v,6
depend_on,v,,,,,rogative,,,,,1
depict,v,v,,,,,,v,v,v,4
deplore,v,v,factive,D,,,,v,v,v,6
depose,v,v,,,,,,,,,1
depress,v,v,,,,,,v,v,v,4
derive,v,v,,,,,,v,v,v,4
describe,v,v,,,,,,v,v,v,4
deserve,v,,,,,,,v,v,,2
design,v,,,,,,,v,v,,2
designate,v,,,,,,,v,v,,2
desire,v,v,,,,anti-rogative,,v,v,v,5
despair,v,v,,,,,,v,v,v,4
despise,v,v,,,,,,v,v,v,4
detail,v,v,,,,,,v,v,,3
detect,v,v,,,,,,v,v,v,4
determine,v,v,,,,,,v,v,v,4
detest,v,v,,,,,,v,v,v,4
devastate,v,v,,,,,,v,v,v,4
devise,v,,,,,,,v,v,v,3
diagnose,v,v,,,,,,v,v,v,4
dictate,v,v,,,,,,v,v,v,4
direct,v,v,,,,,,v,v,v,4
disagree,v,v,,,,,,v,v,v,4
disallow,v,,,,,,,v,v,,2
disappoint,v,v,,,,,,v,v,v,4
disapprove,v,v,,,,,,v,v,v,4
disarm,v,v,,,,,,,,,1
disbelieve,v,v,,,,,,v,v,v,4
discern,v,v,,,,,,v,,v,3
discipline,v,,,,,,,v,v,,2
disclose,v,v,,,,,,v,v,v,4
discomfit,v,v,,,,,,,,,1
disconcert,v,v,,,,,,,,,1
discourage,v,v,,,,,,v,v,v,4
discover,v,v,,E,,responsive,,v,v,v,6
discuss,v,v,,,,,,v,v,v,4
disdain,v,v,,,,,,,,,1
disgrace,v,v,,,,,,v,v,v,4
disgruntle,v,v,,,,,,v,v,v,4
disgust,v,v,,,,,,v,v,v,4
dishearten,v,v,,,,,,v,v,v,4
disillusion,v,v,,,,,,v,v,v,4
dislike,v,v,,,,,,v,v,v,4
dismay,v,v,,,,,,v,v,v,4
dismiss,v,v,,,,,,v,v,v,4
dispatch,v,,,,,,,v,v,v,3
dispel,v,v,,,,,,v,v,v,4
dispirit,v,v,,,,,,v,,v,3
display,v,v,,,,,,v,v,v,4
displease,v,v,,,,,,v,v,v,4
disprove,v,,,,,,,v,v,v,3
dispute,v,v,,,,,,v,v,v,4
disquiet,v,v,,,,,,v,,v,3
disregard,v,v,,,,,,v,v,v,4
dissatisfy,v,v,,,,,,v,v,v,4
distract,v,,,,,,,v,,v,2
distress,v,v,,,,,,v,v,v,4
distrust,v,,,,,,,v,v,v,3
disturb,v,v,,,,,,v,v,v,4
divine,v,v,,,,,,,,,1
divulge,v,v,,,,,,v,v,v,4
document,v,v,,,,,,v,v,v,4
doubt,v,v,,C,,,,v,v,v,5
draw,v,,,,,,,v,v,,2
drawl,v,v,,,,,,v,,v,3
dread,v,v,,,,,,v,v,v,4
dream,v,v,,,,,,v,v,v,4
drone,v,,,,,,,v,,v,2
dumbfound,v,v,,,,,,,,,1
dupe,v,v,,,,,,v,v,v,4
editorialize,v,v,,,,,,,,,1
educate,v,v,,,,,,v,v,v,4
elaborate,v,v,,,,,,v,v,v,4
elate,v,v,,,,,,v,v,v,4
elect,v,,,,,,,v,v,v,3
electrify,v,v,,,,,,v,,v,3
email,v,v,,,,,,v,v,v,4
embarrass,v,v,,,,,,v,v,v,4
embellish,v,v,,,,,,v,v,v,4
embitter,v,v,,,,,,v,v,v,4
embolden,v,v,,,,,,v,v,v,4
emerge,v,v,,,,,,,,,1
emphasize,v,v,,,,,,v,v,v,4
employ,v,,,,,,,v,v,,2
enchant,v,v,,,,,,v,v,v,4
encourage,v,v,,,,,,v,v,v,4
endorse,v,v,,,,,,v,v,v,4
endure,v,,,,,,,v,,v,2
energize,v,,,,,,,v,v,v,3
enforce,v,,,,,,,v,v,,2
engage,v,,,,,,,v,v,v,3
enjoin,v,v,,,,,,,,,1
enjoy,v,v,,,,,,v,v,v,4
enlighten,v,,,,,,,v,v,,2
enlist,v,,,,,,,v,v,,2
enrage,v,v,,,,,,v,v,v,4
enrapture,v,v,,,,,,,,,1
ensure,v,v,,,,,,v,v,v,4
entertain,v,v,,,,,,,,,1
enthrall,v,v,,,,,,v,v,v,4
enthuse,v,v,,,,,,v,v,v,4
entice,v,,,,,,,v,v,,2
entrance,v,v,,,,,,,,,1
entreat,v,,,,,,,v,v,v,3
envisage,v,v,,,,,,,,,1
envision,v,v,,,,,,v,v,v,4
envy,v,v,,,,,,v,v,v,4
establish,v,v,,,,,,v,v,v,4
estimate,v,v,,,,,,v,v,v,4
evaluate,v,v,,,,,,v,v,v,4
exasperate,v,v,,,,,,v,v,v,4
excite,v,v,,,,,,v,v,v,4
exclaim,v,v,,A,,,,v,v,v,5
excuse,v,,,,,,,v,v,,2
exhibit,v,v,,,,,,v,v,,3
exhilarate,v,v,,,,,,v,v,v,4
exhort,v,v,,,,,,,,,1
expect,v,v,,B,,,,v,v,v,5
experience,v,,,,,,,v,,v,2
explain,v,v,,A,,,,v,v,v,5
explode,v,v,,,,,,,,,1
exploit,v,,,,,,,v,v,,2
explore,v,,,,,,,v,,v,2
expose,v,v,,,,,,v,v,v,4
expostulate,v,v,,,,,,,,,1
express,v,v,,,,,,v,v,v,4
extrapolate,v,,,,,,,v,,v,2
exult,v,v,,,,,,,,,1
fabricate,v,v,,,,,,v,v,v,4
face,v,v,,,,,,,,,1
fail,v,,,,-impl,,,v,v,,3
fake,v,v,,,,,,v,v,v,4
fancy,v,v,non-factive,,,,,v,v,v,5
fantasize,v,v,,,,,,v,v,v,4
fascinate,v,v,,,,,,v,v,v,4
fathom,v,v,,,,,,,,,1
fax,v,v,,,,,,v,v,v,4
faze,v,v,,,,,,v,,v,3
fear,v,v,,,,anti-rogative,,v,v,v,5
feel,v,v,,,,,,v,v,v,4
feign,v,v,,,,,,v,v,v,4
fess_up,v,v,,,,,,v,v,v,4
fib,v,v,,,,,,,,,1
fight,v,,,,,,,v,v,v,3
figure,v,v,non-factive,B,,,,v,v,v,6
figure_out,v,v,,,,,,v,v,v,4
file,v,,,,,,,v,,v,2
find,v,v,,,,,,v,v,v,4
find_out,v,v,,E,,responsive,,v,v,v,6
flabbergast,v,v,,,,,,,,,1
flatter,v,v,,,,,,v,v,v,4
flaunt,v,v,,,,,,v,v,v,4
flip_out,v,v,,,,,,v,v,v,4
floor,v,v,,,,,,v,v,v,4
fluster,v,v,,,,,,v,v,v,4
follow,v,v,,,,,,,,,1
fool,v,v,,,,,,v,v,v,4
forbid,v,,,,,,,v,v,,2
force,v,v,,,,,,v,v,,3
forecast,v,v,,,,,,v,v,v,4
foresee,v,v,,,,,,v,v,v,4
foretell,v,v,,,,,,v,v,v,4
forewarn,v,v,,,,,,,,,1
forget,v,v,factive,,-impl (to-inf),responsive,,v,v,v,7
forgive,v,v,,,,,,v,v,v,4
formulate,v,,,,,,,v,,v,2
freak_out,v,v,,,,,,v,v,v,4
fret,v,v,,,,,,v,v,v,4
frighten,v,v,,,,,,v,v,v,4
frown,v,v,,,,,,v,,v,3
frustrate,v,v,,,,,,v,v,v,4
fuel,v,,,,,,,v,v,,2
fume,v,v,,,,,,v,,v,3
fuss,v,v,,,,,,v,v,v,4
gab,v,v,,,,,,v,v,v,4
gall,v,v,,,,,,v,v,v,4
galvanize,v,v,,,,,,,,,1
gamble,v,,,,,,,v,v,v,3
gasp,v,v,,,,,,v,v,v,4
gather,v,v,,,,,,v,v,v,4
gauge,v,v,,,,,,v,v,v,4
generalize,v,v,,,,,,v,v,v,4
gesticulate,v,v,,,,,,,,,1
gesture,v,v,,,,,,,,,1
get,v,v,,,+impl (to-inf),,,v,v,,4
get_across,v,v,,,,,,,,,1
get_around,v,v,,,,,,,,,1
get_out,v,v,,,,,,,,,1
get_through,v,v,,,,,,,,,1
giggle,v,v,,,,,,v,v,v,4
give_away,v,v,,,,,,,,,1
gladden,v,v,,,,,,v,v,v,4
glare,v,v,,,,,,,,,1
glean,v,,,,,,,v,,v,2
glimpse,v,v,,,,,,v,v,,3
gloat,v,v,,,,,,v,v,v,4
glorify,v,,,,,,,v,v,,2
go,v,,,,,,,v,v,,2
go_around,v,v,,,,,,,,,1
gossip,v,v,,,,,,v,v,v,4
grant,v,v,,,,,,v,v,,3
grasp,v,v,factive,,,,,,,,2
gratify,v,v,,,,,,v,v,v,4
grieve,v,v,,,,,,v,v,v,4
grimace,v,v,,,,,,v,v,v,4
grin,v,v,,,,,,v,v,v,4
gripe,v,v,,,,,,v,,v,3
groan,v,v,,,,,means,v,v,v,5
grouse,v,v,,,,,,v,,v,3
growl,v,v,,,,,,v,v,v,4
grumble,v,v,,,,,,v,v,v,4
grunt,v,v,,,,,,v,v,v,4
guarantee,v,v,,,,,,v,v,v,4
guess,v,v,,B,,responsive,,v,v,v,6
guide,v,,,,,,,v,v,v,3
gurgle,v,,,,,,,v,,v,2
gush,v,v,,,,,,v,v,v,4
hallucinate,v,v,,,,,,v,v,v,4
handle,v,,,,,,,v,,,1
hanker,v,,,,,,,v,v,v,3
happen,v,v,non-factive(subj),,,,,v,v,,4
harass,v,,,,,,,v,v,,2
harrumph,v,v,,,,,,,,,1
hasten,v,,,,,,,v,v,,2
hate,v,v,,,,,,v,v,v,4
haunt,v,v,,,,,,,,,1
have_the_courage,v,,,,+impl (phrasal),,,,,,1
hazard,v,v,,,,,,,,,1
hear,v,v,,,,,,v,v,v,4
hearten,v,v,,,,,,v,v,v,4
hedge,v,,,,,,,v,,v,2
help,v,,,,,,,v,v,,2
hesitate,v,,,,,,,v,v,v,3
highlight,v,v,,,,,,v,,v,3
hint,v,v,,A,,,,v,v,v,5
hire,v,,,,,,,v,v,,2
hiss,v,v,,,,,means,,,,2
hold,v,v,,,,,,v,,v,3
holler,v,v,,,,,,v,v,v,4
hoot,v,v,,,,,,v,v,v,4
hope,v,v,,,non-impl,anti-rogative,,v,v,v,6
horrify,v,v,,,,,,v,v,v,4
hound,v,,,,,,,v,v,,2
howl,v,v,,,,,,v,v,v,4
humble,v,v,,,,,,v,v,v,4
humiliate,v,,,,,,,v,v,,2
hunger,v,,,,,,,v,v,,2
hurt,v,v,,,,,,v,v,v,4
hush_up,v,v,,,,,,v,v,v,4
hustle,v,,,,,,,v,v,,2
hypothesize,v,v,,,,,,,,,1
identify,v,v,,,,,,v,v,v,4
ignore,v,v,factive,,,,,v,v,v,5
illuminate,v,,,,,,,v,,v,2
illustrate,v,v,,,,,,v,,v,3
imagine,v,v,,B,,,,v,v,v,5
impart,v,v,,,,,,,,,1
impel,v,,,,,,,v,v,,2
implicate,v,v,,,,,,,,,1
implore,v,v,,,,,,v,v,v,4
imply,v,v,,A,,,,v,v,v,5
impress,v,v,,,,,,v,v,v,4
incense,v,v,,,,,,v,v,v,4
incite,v,,,,,,,v,v,,2
include,v,,,,,,,v,v,v,3
indicate,v,v,,A,,,,v,v,v,5
indict,v,v,,,,,,v,v,v,4
induce,v,,,,,,,v,v,v,3
infer,v,v,,,,,,v,v,v,4
influence,v,,,,,,,v,v,v,3
inform,v,v,,,,,,v,v,v,4
infuriate,v,v,,,,,,v,v,v,4
inquire,v,,,,,rogative,,v,v,v,4
inscribe,v,,,,,,,v,,v,2
insert,v,,,,,,,v,,v,2
insinuate,v,v,,,,,,v,v,v,4
insist,v,v,,A,,,,v,v,v,5
inspect,v,,,,,,,v,,v,2
inspire,v,v,,,,,,v,v,,3
instruct,v,v,,,,,,v,v,v,4
insult,v,v,,,,,,v,v,v,4
insure,v,,,,,,,v,v,v,3
intend,v,v,,,non-impl,,,v,v,,4
intercept,v,,,,,,,v,v,v,3
interest,v,v,,,,,,v,v,v,4
interject,v,v,,,,,discourse,v,v,,4
internalize,v,v,,,,,,,,,1
interpret,v,,,,,,,v,v,v,3
interview,v,,,,,,,v,v,,2
intimate,v,v,non-factive,,,,,v,v,v,5
intimidate,v,v,,,,,,v,v,v,4
intrigue,v,v,,,,,,v,v,v,4
intuit,v,v,,,,,,,,,1
investigate,v,v,,,,rogative,,v,v,v,5
invigorate,v,v,,,,,,v,v,v,4
invite,v,,,,,,,v,v,,2
irk,v,v,,,,,,v,v,v,4
irritate,v,v,,,,,,v,v,v,4
jabber,v,,,,,,,v,,v,2
jade,v,v,,,,,,v,v,v,4
jar,v,v,,,,,,v,v,v,4
jeer,v,,,,,,,v,,v,2
jest,v,v,,,,,,v,v,v,4
joke,v,v,,,,,,v,v,v,4
josh,v,v,,,,,,,,,1
judge,v,v,,,,,,v,v,v,4
jump,v,,,,,,,v,v,,2
justify,v,,,,,,,v,,v,2
kid,v,,,,,,,v,,v,2
know,v,v,,E,,responsive,,v,v,v,6
kvetch,v,v,,,,,,,,,1
lament,v,v,,,,,,,,,1
laud,v,,,,,,,v,v,,2
laugh,v,v,,,,,,v,,v,3
lay_out,v,v,,,,,,,,,1
lead,v,,,,,,,v,v,,2
leak,v,v,,,,,,v,v,v,4
learn,v,v,,E,,,,v,v,v,5
lecture,v,v,,,,,,v,v,v,4
legislate,v,,,,,,,v,,v,2
let_on,v,v,,,,,,,,,1
let_out,v,v,,,,,,,,,1
let_slip,v,v,,,,,,,,,1
license,v,,,,,,,v,v,,2
lie,v,v,,,,,,v,v,v,4
like,v,v,,,,,,v,v,v,4
lisp,v,,,,,,,v,,v,2
listen,v,,,,,,,v,v,v,3
loathe,v,v,,,,,,v,v,v,4
lobby,v,,,,,,,v,v,,2
log,v,v,,,,,,v,v,v,4
long,v,,,,,,,v,v,v,3
look,v,,,,,,,v,v,,2
love,v,v,,,,,,v,v,v,4
lust,v,,,,,,,v,v,,2
madden,v,v,,,,,,v,v,v,4
mail,v,,,,,,,v,,v,2
maintain,v,v,non-factive,A,,,,v,v,v,6
make,v,,,,,,,v,v,,2
make_clear,v,,factive,,,,,,,,1
make_out,v,v,,,,,,v,v,v,4
make_sense,v,,factive(subj),,,,,,,,1
make_the_effort,v,,,,+impl (phrasal),,,,,,1
manage,v,,,,+impl,,,v,v,,3
mandate,v,v,,,,,,v,v,v,4
manifest,v,v,,,,,,,,,1
manipulate,v,,,,,,,v,v,,2
manufacture,v,v,,,,,,v,v,v,4
mark,v,v,,,,,,v,v,v,4
marvel,v,v,,,,,,v,v,v,4
matter,v,,factive(subj),,,responsive,,,,,2
mean,v,v,,,,,,v,v,,3
measure,v,v,,,,,,v,v,v,4
meditate,v,,,,,,,v,v,,2
meet,v,,,,,,,v,v,,2
mention,v,v,,,,,,v,v,v,4
mesmerize,v,v,,,,,,,,,1
miff,v,v,,,,,,v,v,v,4
mind,v,v,factive,,,,,,,,2
misinform,v,v,,,,,,v,v,v,4
misjudge,v,,,,,,,v,v,v,3
mislead,v,v,,,,,,v,v,v,4
miss,v,v,,,,,,v,v,v,4
mistrust,v,,,,,,,v,v,v,3
moan,v,v,,,,,means,v,v,v,5
mock,v,,,,,,,v,,v,2
monitor,v,,,,,,,v,v,,2
moralize,v,v,,,,,,,,,1
mortify,v,v,,,,,,v,v,v,4
motivate,v,,,,,,,v,v,v,3
mourn,v,v,,,,,,v,v,v,4
move,v,v,,,,,,v,v,v,4
mumble,v,v,,,,,means,v,v,v,5
murmur,v,v,,,,,means,v,v,v,5
muse,v,v,,,,,,v,v,v,4
mutter,v,v,,,,,means,v,v,v,5
mystified,v,v,,,,,,,,,1
mystify,v,v,,,,,,v,v,v,4
name,v,,,,,,,v,v,v,3
narrate,v,v,,,,,,v,v,v,4
nauseate,v,v,,,,,,v,,v,3
need,v,,,,,,,v,v,,2
neglect,v,,,,-impl,,,v,v,,3
negotiate,v,,,,,,,v,v,v,3
nettle,v,v,,,,,,,,,1
nonplus,v,v,,,,,,v,v,v,4
note,v,v,,,,,,v,v,v,4
notice,v,v,,E,,,,v,v,v,5
notify,v,v,,,,,,v,v,v,4
object,v,v,,,,,,v,v,v,4
obligate,v,,,,,,,v,v,,2
oblige,v,,,,,,,v,v,v,3
observe,v,v,,E,,,,v,v,v,5
obsess,v,v,,,,,,v,v,v,4
offend,v,v,,,,,,v,v,v,4
offer,v,,,,,,,v,v,v,3
okay,v,,,,,,,v,v,v,3
omit,v,v,,,,,,v,v,v,4
opine,v,v,,,,,,,,,1
oppose,v,,,,,,,v,v,v,3
opt,v,,,,,,,v,v,,2
ordain,v,v,,,,,,v,v,v,4
order,v,v,,,,,,v,v,v,4
outrage,v,v,,,,,,v,v,v,4
overemphasize,v,v,,,,,,,,,1
overestimate,v,,,,,,,v,,v,2
overhear,v,v,,,,,,v,v,v,4
overlook,v,v,,,,,,v,v,v,4
overwhelm,v,v,,,,,,v,v,v,4
own,v,v,,,,,,,,,1
own_up,v,v,,,,,,,,,1
pain,v,v,,,,,,v,v,v,4
panic,v,v,,,,,,v,v,v,4
pause,v,,,,,,,v,v,,2
perceive,v,v,,,,,,v,v,v,4
permit,v,v,,,,,,v,v,v,4
perplex,v,v,,,,,,v,v,v,4
persuade,v,v,,,,,,v,v,v,4
perturb,v,,,,,,,v,,v,2
pester,v,,,,,,,v,v,v,3
petition,v,v,,,,,,v,v,v,4
petrify,v,v,,,,,,v,v,v,4
philosophize,v,v,,,,,,,,,1
phone,v,,,,,,,v,v,v,3
pick,v,,,,,,,v,v,,2
pick_up,v,v,,,,,,,,,1
picket,v,,,,,,,v,v,,2
picture,v,v,,,,,,v,v,v,4
piece_together,v,v,,,,,,v,v,v,4
pine,v,,,,,,,v,v,v,3
pinpoint,v,v,,,,,,v,v,v,4
pity,v,v,,,,,,v,v,v,4
placate,v,,,,,,,v,,v,2
plan,v,v,,,non-impl,,,v,v,,4
plead,v,v,,,,,,v,v,v,4
please,v,v,,,,,,v,v,v,4
pledge,v,v,,,,,,,,,1
plot,v,,,,,,,v,v,v,3
point_out,v,v,,A,,,,v,v,v,5
ponder,v,v,,,,,,v,v,v,4
pontificate,v,,,,,,,v,v,,2
portend,v,,,,,,,v,,v,2
portray,v,,,,,,,v,v,v,3
posit,v,v,,,,,,v,v,v,4
post,v,v,,,,,,v,v,v,4
postulate,v,v,,,,,,,,,1
pout,v,v,,,,,,v,v,v,4
praise,v,v,,,,,,v,v,v,4
pray,v,v,,,,,,v,v,v,4
preach,v,v,,,,,,v,v,v,4
predict,v,v,,,,responsive,,v,v,v,5
prefer,v,v,,,,,,v,v,v,4
prejudge,v,v,,,,,,v,v,v,4
prepare,v,,,,,,,v,v,,2
prescribe,v,v,,,,,,,,,1
present,v,,,,,,,v,,v,2
press,v,,,,,,,v,v,v,3
pressure,v,,,,,,,v,v,,2
presume,v,v,,,,,,v,v,v,4
presuppose,v,v,,,,,,v,v,v,4
pretend,v,v,,,,,,v,v,v,4
print,v,,,,,,,v,,v,2
probe,v,,,,,,,v,v,,2
proclaim,v,v,,A,,,,v,v,v,5
profess,v,v,,,,,,,,,1
prognosticate,v,v,,,,,,,,,1
prohibit,v,,,,,,,v,v,,2
project,v,v,,,,,,,,,1
promise,v,v,,,non-impl,,,v,v,v,5
prompt,v,,,,,,,v,v,v,3
pronounce,v,v,,,,,,,,,1
prophesy,v,v,,,,,,v,v,v,4
propose,v,v,,,,,,v,v,v,4
protest,v,v,,,,,,v,v,v,4
prove,v,v,,,,,,v,v,v,4
provoke,v,,,,,,,v,v,,2
publicize,v,v,,,,,,v,v,v,4
publish,v,v,,,,,,v,v,v,4
put_about,v,v,,,,,,,,,1
put_across,v,v,,,,,,,,,1
put_in,v,v,,,,,,,,,1
puzzle,v,v,,,,,,v,v,v,4
puzzled,v,v,,,,,,,,,1
qualify,v,,,,,,,v,v,,2
quarrel,v,v,,,,,,v,v,v,4
query,v,,,,,,,v,,v,2
question,v,v,,,,,,v,v,v,4
quibble,v,,,,,,,v,,v,2
quip,v,v,,,,,,v,v,v,4
quote,v,v,,,,,,v,v,v,4
radio,v,v,,,,,,v,v,v,4
rage,v,v,,,,,,,,,1
raise,v,,,,,,,v,v,v,3
ramble,v,v,,,,,,,,,1
rankle,v,v,,,,,,,,,1
rant,v,v,,,,,,v,v,v,4
rap,v,,,,,,,v,,v,2
rationalize,v,v,,,,,,v,v,v,4
rave,v,v,,,,,,v,v,v,4
read,v,v,,,,,,v,v,v,4
read_out,v,v,,,,,,,,,1
reaffirm,v,v,,,,,,v,v,v,4
realize,v,v,,E,,,,v,v,v,5
reason,v,v,,,,,,v,v,v,4
reason_out,v,v,,,,,,v,v,v,4
reassert,v,v,,,,,,v,v,v,4
reassure,v,v,,,,,,v,v,v,4
rebuke,v,,,,,,,v,,v,2
recall,v,v,,,,,,v,v,v,4
recant,v,v,,,,,,,,,1
recap,v,v,,,,,,v,v,v,4
recite,v,v,,,,,,,,,1
reckon,v,v,,,,,,v,v,v,4
recognize,v,v,,E,,,,v,v,v,5
recollect,v,v,,,,,,v,v,v,4
recommend,v,v,,,,,,v,v,v,4
reconsider,v,v,,,,,,v,v,v,4
reconstruct,v,,,,,,,v,,v,2
record,v,v,,,,,,v,v,v,4
recount,v,,,,,,,v,,v,2
recruit,v,,,,,,,v,v,,2
rediscover,v,v,,,,,,v,v,v,4
reevaluate,v,,,,,,,v,,v,2
reexamine,v,,,,,,,v,v,v,3
reflect,v,v,,,,,,,,,1
refrain,v,,,,-impl,,,,,,1
refuse,v,,,,,,,v,v,v,3
regard,v,,,,,,,v,v,,2
register,v,v,,,,,,v,v,v,4
regret,v,v,factive,D,,,,v,v,v,6
reiterate,v,v,,,,,,v,v,v,4
reject,v,,,,,,,v,v,v,3
rejoice,v,v,,,,,,,,,1
relate,v,v,,,,,,v,v,v,4
relax,v,,,,,,,v,v,v,3
relay,v,v,,,,,,v,,v,3
relearn,v,,,,,,,v,v,v,3
relieve,v,v,,,,,,v,v,v,4
relish,v,v,,,,,,v,v,v,4
remain,v,,,,,,,v,v,,2
remark,v,v,,A,,,,v,v,v,5
remember,v,v,,,+impl (to-inf),responsive,,v,v,v,6
remind,v,v,,,,,,v,v,v,4
reminisce,v,v,,,,,,v,v,v,4
remonstrate,v,v,,,,,,,,,1
renegotiate,v,,,,,,,v,v,v,3
repeat,v,v,,,,,discourse,v,v,v,5
repel,v,v,,,,,,,,,1
reply,v,v,,,,,discourse,v,v,v,5
report,v,v,,A,,,,v,v,v,5
represent,v,v,,,,,,v,,v,3
repress,v,v,,,,,,v,v,v,4
reprimand,v,,,,,,,v,v,v,3
request,v,v,,,,,,v,v,v,4
require,v,v,,,,,,v,v,v,4
research,v,,,,,,,v,v,v,3
resent,v,v,factive,D,,,,v,v,v,6
resolve,v,v,,,,,,v,v,v,4
respect,v,v,,,,,,,,,1
respond,v,v,,,,,discourse,v,v,v,5
restate,v,v,,,,,,v,v,v,4
retort,v,v,,,,,discourse,v,v,v,5
retract,v,v,,,,,,v,v,v,4
reveal,v,v,,,,,,v,v,v,4
revolt,v,v,,,,,,v,v,v,4
ridicule,v,,,,,,,v,v,v,3
rile,v,v,,,,,,v,v,,3
roar,v,v,,,,,,,,,1
rouse,v,,,,,,,v,v,v,3
rue,v,v,,,,,,,,,1
rule,v,v,,,,,,v,v,v,4
rumble,v,v,,,,,,,,,1
ruminate,v,v,,,,,,v,v,v,4
rush,v,,,,,,,v,v,,2
sadden,v,v,,,,,,v,v,v,4
sanction,v,,,,,,,v,v,,2
satisfy,v,v,,,,,,v,v,v,4
savour,v,v,,,,,,,,,1
say,v,v,,A,,,say,v,v,v,6
scare,v,v,,,,,,v,v,v,4
schedule,v,,,,,,,v,v,,2
scheme,v,,,,,,,v,v,v,3
scoff,v,v,,,,,,v,v,v,4
scold,v,,,,,,,v,v,,2
scowl,v,,,,,,,v,,v,2
scramble,v,,,,,,,v,v,,2
scrawl,v,,,,,,,v,,v,2
scream,v,v,,,,,means,v,v,v,5
screech,v,,,,,,,v,v,v,3
scribble,v,v,,,,,,v,v,v,4
scrutinize,v,,,,,,,v,,v,2
see,v,v,,E,,,,v,v,v,5
see_fit,v,,,,+impl,,,,,,1
seek,v,,,,,,,v,v,,2
seem,v,v,non-factive(subj),B,,,,v,v,,5
seethe,v,v,,,,,,,,,1
select,v,,,,,,,v,v,v,3
send,v,,,,,,,v,v,,2
sense,v,v,,,,,,v,v,v,4
set,v,,,,,,,v,v,,2
set_about,v,,,,,,,v,v,,2
set_out,v,,,,,,,v,v,,2
settle,v,,,,,,,v,v,v,3
shame,v,v,,,,,,v,v,v,4
shape,v,,,,,,,v,v,,2
share,v,v,,,,,,v,v,v,4
shock,v,v,,,,,,v,v,v,4
shout,v,v,,,,,means,v,v,v,5
show,v,v,,,,,,v,v,v,4
showcase,v,v,,,,,,v,v,v,4
shriek,v,v,,,,,,v,v,v,4
shrug,v,v,,,,,,,,,1
shut_up,v,,,,,,,v,v,,2
sicken,v,v,,,,,,v,v,v,4
sigh,v,v,,,,,,v,v,v,4
sign,v,v,,,,,,v,v,v,4
sign_on,v,,,,,,,v,v,,2
sign_up,v,,,,,,,v,v,,2
signal,v,v,,,,,,v,v,v,4
signify,v,v,,,,,,v,v,v,4
simulate,v,,,,,,,v,v,v,3
sing,v,v,,,,,,v,v,v,4
sink_in,v,v,,,,,,,,,1
sketch,v,v,,,,,,v,v,v,4
slander,v,,,,,,,v,,v,2
smell,v,v,,,,,,v,,v,3
smile,v,,,,,,,v,v,,2
smirk,v,v,,,,,,v,,v,3
snap,v,v,,,,,,v,v,v,4
snarl,v,v,,,,,means,,,,2
sneer,v,v,,,,,,v,,v,3
snicker,v,v,,,,,,v,,v,3
sniff,v,v,,,,,,,,,1
snitch,v,v,,,,,,v,v,v,4
snivel,v,,,,,,,v,,v,2
snort,v,v,,,,,,v,,v,3
snuffle,v,v,,,,,,,,,1
sob,v,v,,,,,means,v,v,v,5
sober,v,,,,,,,v,,,1
soliloquize,v,v,,,,,,,,,1
soothe,v,v,,,,,,v,,v,3
specify,v,v,,,,,,v,v,v,4
speculate,v,v,,,,,,v,v,v,4
spell_out,v,v,,,,,,,,,1
spellbind,v,v,,,,,,v,v,v,4
splutter,v,v,,,,,,v,,v,3
spook,v,v,,,,,,v,v,v,4
spot,v,v,,,,,,v,v,v,4
spout,v,v,,,,,,v,v,v,4
spread,v,,,,,,,v,,v,2
spur,v,,,,,,,v,v,,2
sputter,v,v,,,,,,v,,v,3
squall,v,v,,,,,,,,,1
squawk,v,v,,,,,,v,,v,3
squeak,v,v,,,,,,,,,1
squeal,v,v,,,,,,v,v,v,4
stagger,v,,,,,,,v,,v,2
stammer,v,v,,,,,,v,v,v,4
stand,v,v,,,,,,v,v,,3
start,v,,,,,,,v,v,,2
start_off,v,,,,,,,v,v,,2
startle,v,v,,,,,,v,v,v,4
state,v,v,,A,,,say,v,v,v,6
steer,v,,,,,,,v,v,,2
stew,v,,,,,,,v,,v,2
stimulate,v,v,,,,,,v,v,v,4
stipulate,v,v,,,,,,v,v,v,4
stop,v,,,,,,,v,v,,2
strain,v,,,,,,,v,v,v,3
stress,v,v,,,,,,v,v,v,4
struggle,v,,,,,,,v,v,,2
study,v,,,,,,,v,v,v,3
stump,v,,,,,,,v,,v,2
stun,v,v,,,,,,v,v,v,4
stupefy,v,v,,,,,,v,v,v,4
stutter,v,v,,,,,,v,v,v,4
subdue,v,,,,,,,v,v,,2
submit,v,v,,,,,,v,v,v,4
suffer,v,,,,,,,v,,,1
suffice,v,,factive(subj),,,,,,,,1
suggest,v,v,,A,,,,v,v,v,5
sulk,v,,,,,,,v,,v,2
summarize,v,v,,,,,,v,v,v,4
summon,v,,,,,,,v,v,,2
suppose,v,v,non-factive,B,,,,v,v,v,6
surmise,v,v,,,,,,v,v,v,4
surprise,v,v,,,,responsive,,v,v,v,5
survey,v,,,,,,,v,,v,2
suspect,v,v,,B,,,,v,v,v,5
suss_out,v,v,,,,,,,,,1
swear,v,v,,A,,,,v,v,v,5
sweat,v,,,,,,,v,,v,2
take,v,,,,,,,v,v,,2
take_in,v,v,,,,,,,,,1
take_into_account,v,,factive,,,,,,,,1
take_into_consideration,v,,factive,,,,,,,,1
take_it_upon_oneself,v,,,,+impl (phrasal),,,,,,1
take_the_trouble,v,,,,+impl (phrasal),,,,,,1
tantalize,v,v,,,,,,v,v,v,4
tap,v,,,,,,,v,v,,2
taunt,v,,,,,,,v,v,v,3
teach,v,v,,,,,,v,v,v,4
tease,v,v,,,,,,v,v,v,4
telegraph,v,v,,,,,,,,,1
televise,v,,,,,,,v,,v,2
tell,v,v,,,,responsive,say,v,v,v,6
tempt,v,,,,,,,v,v,,2
terrify,v,v,,,,,,v,v,v,4
terrorize,v,,,,,,,v,v,,2
test,v,v,,,,,,v,v,v,4
testify,v,v,,,,,,v,v,v,4
text,v,v,,,,,,,,,1
thank,v,,,,,,,v,v,,2
theorize,v,v,,,,,,v,v,v,4
think,v,v,,B,,anti-rogative,,v,v,v,6
thirst,v,,,,,,,v,v,,2
threaten,v,v,,,,,,v,v,v,4
thrill,v,v,,,,,,v,v,v,4
throw_in,v,v,,,,,,,,,1
thunder,v,v,,,,,,,,,1
tickle,v,,,,,,,v,v,v,3
tip_off,v,v,,,,,,,,,1
tire,v,v,,,,,,,,,1
tolerate,v,v,,,,,,,,,1
torment,v,v,,,,,,v,v,v,4
torture,v,v,,,,,,v,v,v,4
tout,v,v,,,,,,v,v,,3
track,v,,,,,,,v,,v,2
train,v,,,,,,,v,v,,2
transmit,v,,,,,,,v,,v,2
transpire,v,v,,,,,,,,,1
traumatize,v,v,,,,,,v,v,v,4
trick,v,v,,,,,,v,v,v,4
trigger,v,,,,,,,v,v,,2
trill,v,v,,,,,,,,,1
trouble,v,v,,,,,,v,v,v,4
trow,v,v,,,,,,,,,1
trumpet,v,v,,,,,,,,,1
trust,v,v,,,,,,v,v,v,4
try,v,,,,non-impl,,,v,v,,3
turn_out,v,v,non-factive(subj),,,,,v,v,v,5
tutor,v,,,,,,,v,v,,2
tweet,v,v,,,,,,v,v,v,4
twig,v,v,,,,,,,,,1
twitter,v,v,,,,,,,,,1
type,v,v,,,,,,v,v,v,4
uncover,v,v,,,,,,v,v,v,4
underestimate,v,v,,,,,,v,v,v,4
underline,v,v,,,,,,v,v,v,4
underscore,v,v,,,,,,v,v,v,4
understand,v,v,,,,,,v,v,v,4
undertake,v,,,,,,,v,v,,2
unnerve,v,v,,,,,,v,v,v,4
unsettle,v,v,,,,,,v,v,v,4
unveil,v,v,,,,,,,,,1
update,v,v,,,,,,v,v,v,4
uphold,v,v,,,,,,v,v,v,4
upset,v,v,,,,,,v,v,v,4
urge,v,v,,,,,,v,v,v,4
use,v,,,,,,,v,v,,2
use_the_opportunity,v,,,,+impl (phrasal),,,,,,1
utter,v,v,,,,,,v,v,v,4
value,v,v,,,,,,,,,1
venture,v,v,,,+impl,,,v,v,v,5
verbalize,v,v,,,,,,,,,1
verify,v,v,,,,,,v,v,v,4
vex,v,v,,,,,,v,v,v,4
videotape,v,,,,,,,v,v,v,3
view,v,,,,,,,v,v,v,3
visualize,v,v,,,,,,v,v,v,4
voice,v,v,,,,,,v,v,v,4
volunteer,v,v,,,,,,v,v,v,4
vote,v,v,,,,,,v,v,v,4
vow,v,v,,A,,,,v,v,v,5
wager,v,v,,,,,,v,v,v,4
wail,v,v,,,,,,,,,1
want,v,v,,,non-impl,,,v,v,,4
warble,v,v,,,,,,,,,1
warn,v,v,,,,,,v,v,v,4
warrant,v,v,,,,,,v,v,v,4
waste_the_chance,v,,,,-impl (phrasal),,,,,,1
watch,v,v,,,,,,v,v,v,4
wave,v,v,,,,,,,,,1
ween,v,v,,,,,,,,,1
weep,v,v,,,,,,v,v,v,4
welcome,v,v,,,,,,v,v,v,4
wheeze,v,v,,,,,,v,,v,3
whimper,v,v,,,,,,v,v,v,4
whine,v,v,,,,,,v,v,v,4
whisper,v,v,,,,,means,v,v,v,5
whistle,v,v,,,,,,,,,1
whoop,v,v,,,,,,,,,1
will,v,v,,,,,,v,v,v,4
wish,v,v,,,,anti-rogative,,v,v,v,5
witness,v,v,,,,,,v,v,v,4
wonder,v,,,,,rogative,,v,,v,3
work_out,v,v,,,,,,,,,1
worry,v,v,,,,,,v,v,v,4
wot,v,v,,,,,,,,,1
wow,v,v,,,,,,v,v,v,4
write,v,v,,A,,,,v,v,v,5
yammer,v,v,,,,,,,,,1
yap,v,v,,,,,,,,,1
yearn,v,,,,,,,v,v,v,3
yell,v,v,,,,,means,v,v,v,5
yelp,v,v,,,,,,v,v,v,4
yodel,v,v,,,,,,,,,1
